{
  "episode": 35,
  "metrics": {
    "total_profit": 3944.9796381836713,
    "total_return": 0.07889959276367342,
    "sharpe_ratio": -0.054160084990624364,
    "sortino_ratio": -0.07573121689379818,
    "calmar_ratio": 0.730379054441242,
    "max_drawdown": -0.025777533482539167,
    "max_drawdown_percent": -2.5777533482539168,
    "total_trades": 282,
    "win_rate": 0.5602836879432624,
    "loss_rate": 0.43971631205673756,
    "profit_factor": 1.7736842415824179,
    "avg_profit_per_trade": 14.428559780376027,
    "avg_win": 59.03744592854208,
    "avg_loss": -42.41179515035169,
    "expectancy": 14.428559780376027,
    "volatility": 0.02085606673505401
  },
  "is_best": true,
  "metric_name": "total_profit",
  "metric_value": 3944.9796381836713
}