{
  "episode": 20,
  "metrics": {
    "total_profit": 809.2102529193071,
    "total_return": 0.016184205058386143,
    "sharpe_ratio": -1.0439749607533801,
    "sortino_ratio": -1.3169439320188163,
    "calmar_ratio": 0.19572475135524497,
    "max_drawdown": -0.02018665980312225,
    "max_drawdown_percent": -2.0186659803122247,
    "total_trades": 332,
    "win_rate": 0.5542168674698795,
    "loss_rate": 0.4457831325301205,
    "profit_factor": 1.1871217840031796,
    "avg_profit_per_trade": 2.9217093099495455,
    "avg_win": 33.44476819781188,
    "avg_loss": -35.02587741550092,
    "expectancy": 2.921709309949547,
    "volatility": 0.015268712616007337
  },
  "is_best": false,
  "metric_name": "total_profit",
  "metric_value": 809.2102529193071
}